sucesso_candidatura,experiencia_normalizada,score_atual,mesmo_estado,compatibilidade_geografica,compatibilidade_salarial,match_nivel,match_cargo,skills_overlap,ods_overlap,dias_desde_candidatura,mes_candidatura,dia_semana,aceita_remoto_int,vaga_remoto_int,tipo_contratacao_encoded,disponibilidade_encoded,candidatura_id,profissional_id,vaga_id
0,3,60.0,0,1,0.0,1,0.0,0.0,0.0,1,10,0,1,0,0,1,815,38,76
0,6,70.0,1,1,0.0,0,0.3333333333333333,0.0,0.0,1,10,0,0,1,1,1,774,88,70
1,3,69.0,1,1,1.0,1,0.3333333333333333,0.0,0.0,1,10,0,1,0,2,1,751,78,67
0,4,63.0,0,1,0.0,1,0.0,0.0,0.0,1,10,0,1,0,2,1,741,28,66
1,4,62.0,0,1,1.0,1,0.0,0.0,0.0,1,10,0,0,1,1,1,734,50,65
0,6,63.0,0,1,1.0,0,0.0,0.0,0.0,1,10,0,1,0,2,1,704,80,61
0,5,82.0,0,0,1.0,1,0.4,0.0,0.0,1,10,0,0,0,2,1,671,6,57
1,4,71.0,0,1,1.0,1,0.0,0.0,0.0,1,10,0,0,1,2,1,642,65,53
0,3,63.0,0,1,0.0,1,0.0,0.0,0.0,1,10,0,0,1,0,1,630,34,51
1,7,88.0,0,1,1.0,0,0.6666666666666666,0.0,0.0,1,10,0,0,1,0,1,625,25,51
0,2,70.0,0,1,0.0,0,0.0,0.0,0.0,2,10,6,1,0,1,1,843,20,81
0,6,74.0,0,0,0.0,0,0.3333333333333333,0.0,0.0,2,10,6,0,0,1,1,841,88,81
0,5,80.0,0,0,1.0,1,0.3333333333333333,0.0,0.0,2,10,6,0,0,0,1,840,43,80
1,2,72.0,0,1,1.0,0,0.3333333333333333,0.0,0.0,2,10,6,1,0,0,1,837,76,80
0,2,70.0,1,1,1.0,0,0.0,0.0,0.0,2,10,6,0,1,1,1,784,37,72
1,5,62.0,0,1,0.0,1,0.0,0.0,0.0,2,10,6,0,1,1,1,776,32,71
1,4,92.0,0,1,1.0,1,0.6666666666666666,0.0,0.0,2,10,6,1,0,0,1,761,28,69
0,1,65.0,1,1,1.0,0,0.0,0.0,0.0,2,10,6,0,0,2,1,752,92,68
0,2,64.0,0,1,0.0,0,0.0,0.0,0.0,2,10,6,1,0,2,-1,745,97,66
1,3,65.0,0,1,0.0,1,0.0,0.0,0.0,2,10,6,1,0,2,1,743,95,66
0,1,59.0,0,1,0.0,0,0.0,0.0,0.0,2,10,6,1,0,0,1,709,47,62
0,1,55.0,0,0,1.0,0,0.3333333333333333,0.0,0.0,2,10,6,0,0,2,1,698,92,60
1,5,66.0,0,0,0.0,1,0.16666666666666666,0.0,0.0,2,10,6,0,0,0,1,689,74,59
0,1,56.0,0,1,0.0,0,0.0,0.0,0.0,2,10,6,1,0,0,1,687,21,59
0,3,65.0,0,1,0.0,1,0.16666666666666666,0.0,0.0,2,10,6,1,0,2,1,640,64,52
0,8,66.0,0,1,1.0,0,0.0,0.0,0.0,2,10,6,1,1,0,1,627,35,51
0,1,55.9,0,0,1.0,0,0.5,0.0,0.0,2,10,6,0,0,0,1,506,93,8
0,6,72.0,0,1,1.0,0,0.0,0.0,0.0,2,10,6,1,0,0,1,448,80,19
0,3,59.6,0,1,1.0,1,0.0,0.25,0.0,2,10,6,1,0,1,1,360,64,16
1,4,60.6,1,1,0.0,1,0.0,0.0,0.0,2,10,6,0,1,0,1,289,50,1
0,3,80.5,0,0,1.0,1,0.5,0.2,0.0,2,10,6,0,0,1,1,188,31,3
0,8,59.1,1,1,0.0,0,0.0,0.14285714285714285,0.0,2,10,6,1,1,0,1,163,26,24
1,1,79.4,1,1,1.0,0,0.0,0.3333333333333333,0.0,2,10,6,1,1,0,1,115,18,30
1,1,64.5,0,1,1.0,0,0.0,0.0,0.0,2,10,6,1,0,0,1,111,18,21
0,4,67.0,0,1,0.0,1,0.0,0.0,0.0,2,10,6,1,0,0,1,78,12,10
0,4,54.3,0,1,1.0,1,0.0,0.25,0.0,2,10,6,1,0,1,1,77,12,16
1,2,90.0,0,0,1.0,0,0.3333333333333333,0.0,0.0,3,10,5,0,0,0,1,838,11,80
1,3,63.0,0,0,1.0,1,0.0,0.0,0.0,3,10,5,0,0,2,-1,802,111,74
0,4,84.0,0,1,1.0,1,0.5,0.0,0.0,3,10,5,0,1,1,1,785,65,72
0,7,69.0,1,1,1.0,0,0.0,0.0,0.0,3,10,5,1,0,2,1,676,17,57
1,7,81.0,0,0,1.0,0,0.4,0.0,0.0,3,10,5,0,0,2,1,673,82,57
1,2,62.0,1,1,1.0,0,0.0,0.0,0.0,3,10,5,0,1,0,1,664,37,56
0,5,67.0,1,1,0.0,1,0.25,0.0,0.0,3,10,5,1,1,1,-1,650,108,54
0,5,75.0,0,1,1.0,1,0.3333333333333333,0.0,0.0,3,10,5,1,1,0,-1,632,108,51
1,7,56.4,1,1,0.0,0,0.5,0.0,0.0,3,10,5,0,1,0,1,481,87,1
1,7,77.1,0,1,1.0,0,0.0,0.0,0.0,3,10,5,0,1,0,1,475,85,30
0,8,65.5,0,1,0.0,0,0.0,0.0,0.0,3,10,5,1,1,0,1,435,77,7
0,5,73.1,0,1,1.0,1,0.0,0.16666666666666666,0.0,3,10,5,0,1,0,1,379,67,30
1,1,76.8,1,1,1.0,0,0.2,0.14285714285714285,0.0,3,10,5,0,0,0,1,344,60,10
1,3,88.7,0,1,1.0,1,0.25,0.25,0.0,3,10,5,1,1,0,1,298,51,18
0,4,31.1,0,1,1.0,1,0.0,0.125,0.0,3,10,5,0,1,1,1,287,50,17
0,1,12.3,0,1,1.0,0,0.0,0.0,0.0,3,10,5,0,1,1,1,281,48,20
0,4,56.9,0,0,1.0,1,0.25,0.0,0.0,3,10,5,0,0,0,1,232,39,8
1,3,84.1,1,1,1.0,1,0.0,0.25,0.0,3,10,5,1,1,1,1,194,33,15
0,7,47.6,0,1,1.0,0,0.3333333333333333,0.0,0.0,3,10,5,0,1,1,1,151,24,17
0,2,80.8,1,1,1.0,0,0.0,0.16666666666666666,0.0,3,10,5,1,0,0,1,129,20,19
0,2,58.4,0,1,0.0,0,0.6666666666666666,0.14285714285714285,0.0,3,10,5,1,0,0,1,127,20,14
1,2,67.9,0,1,1.0,0,0.0,0.0,0.0,3,10,5,1,1,0,0,6,2,25
0,8,64.0,0,1,0.0,0,0.0,0.0,0.0,4,10,4,0,1,1,1,773,15,70
0,8,70.0,0,1,1.0,0,0.0,0.0,0.0,4,10,4,1,0,0,1,764,35,69
0,1,56.0,0,1,0.0,0,0.0,0.0,0.0,4,10,4,1,0,1,1,662,47,55
1,3,87.2,0,1,1.0,1,0.5,0.2,0.0,4,10,4,1,0,1,1,521,95,3
1,6,72.6,0,1,1.0,0,0.0,0.0,0.0,4,10,4,1,1,0,1,515,94,13
0,6,61.3,0,0,0.0,0,0.5,0.0,0.0,4,10,4,0,0,1,1,489,89,6
1,2,72.6,0,1,1.0,0,0.5,0.25,0.0,4,10,4,1,1,0,1,427,76,1
0,8,67.0,0,1,1.0,0,0.3333333333333333,0.16666666666666666,0.0,4,10,4,1,1,1,1,414,75,11
0,5,64.5,0,1,1.0,1,0.0,0.4,0.0,4,10,4,0,1,1,1,409,74,9
0,2,60.0,0,1,1.0,0,0.5,0.2,0.0,4,10,4,1,0,1,1,407,73,3
0,1,31.3,1,1,1.0,0,0.5,0.375,0.0,4,10,4,0,0,0,1,399,72,5
0,1,84.6,1,1,1.0,0,0.0,0.2,0.0,4,10,4,0,1,0,1,340,60,27
0,4,84.5,0,0,0.0,1,0.6666666666666666,0.25,0.0,4,10,4,0,0,0,1,229,39,21
0,2,86.7,0,1,1.0,0,0.3333333333333333,0.0,0.0,4,10,4,0,1,0,1,220,37,24
0,7,67.2,0,1,1.0,0,0.0,0.125,0.0,4,10,4,1,0,0,1,107,17,8
0,2,59.6,0,0,1.0,0,0.0,0.16666666666666666,0.0,4,10,4,0,0,0,1,49,7,19
0,2,64.0,0,0,0.0,0,0.0,0.0,0.0,5,10,3,0,0,2,1,750,84,67
1,2,65.0,0,0,1.0,0,0.0,0.0,0.0,5,10,3,0,0,0,1,711,37,62
0,7,73.0,1,1,0.0,0,0.0,0.0,0.0,5,10,3,1,0,1,1,656,42,55
0,3,65.0,0,1,1.0,1,0.0,0.0,0.0,5,10,3,1,1,0,1,631,95,51
1,7,78.3,0,0,1.0,0,0.0,0.125,0.0,5,10,3,0,0,0,1,459,82,8
1,1,76.5,0,1,1.0,0,0.0,0.0,0.0,5,10,3,1,1,1,1,441,79,15
0,2,71.4,1,1,1.0,0,0.3333333333333333,0.2857142857142857,0.0,5,10,3,1,1,0,1,387,69,25
0,2,82.2,0,0,1.0,0,0.0,0.0,0.0,5,10,3,0,0,0,1,351,62,21
0,5,63.0,0,1,1.0,1,0.0,0.14285714285714285,0.0,5,10,3,1,1,0,1,312,53,25
1,7,87.8,0,1,0.0,0,0.2,0.14285714285714285,0.0,5,10,3,1,0,0,1,244,42,10
0,4,62.6,0,1,1.0,1,0.5,0.0,0.0,5,10,3,0,1,1,1,231,39,12
1,8,73.5,0,1,0.0,0,0.0,0.0,0.0,5,10,3,1,1,0,1,158,26,23
0,7,19.3,0,0,1.0,0,0.3333333333333333,0.375,0.0,5,10,3,0,0,2,1,148,24,29
0,2,65.1,0,1,1.0,0,0.3333333333333333,0.14285714285714285,0.0,5,10,3,1,1,0,1,128,20,24
0,8,70.0,0,1,1.0,0,0.0,0.0,0.0,6,10,2,1,0,0,1,762,77,69
0,6,74.0,0,0,0.0,0,0.0,0.0,0.0,6,10,2,0,0,1,1,715,19,63
0,1,63.0,0,1,1.0,0,0.0,0.0,0.0,6,10,2,1,0,2,1,679,21,57
0,2,65.0,0,0,0.0,0,0.0,0.0,0.0,6,10,2,0,0,1,1,660,49,55
1,6,75.0,0,1,0.0,0,0.0,0.0,0.0,6,10,2,0,1,1,1,649,88,54
0,6,56.9,0,1,1.0,0,0.0,0.0,0.0,6,10,2,1,1,0,1,446,80,23
1,1,86.3,1,1,1.0,0,0.0,0.14285714285714285,0.0,6,10,2,1,0,0,1,442,79,10
0,2,91.9,0,1,1.0,0,0.4,0.0,0.0,6,10,2,1,0,0,1,404,73,10
0,3,34.4,0,1,1.0,1,0.3333333333333333,0.0,0.0,6,10,2,0,1,0,1,266,46,25
0,4,55.0,0,1,1.0,1,0.0,0.6,0.0,6,10,2,1,0,1,1,177,28,31
1,8,65.0,0,0,0.0,0,0.0,0.0,0.0,7,10,1,0,0,1,1,844,15,81
1,16,66.0,0,1,0.0,0,0.3333333333333333,0.0,0.0,7,10,1,1,0,0,-1,839,113,80
0,8,95.0,0,1,1.0,0,0.6666666666666666,0.0,0.0,7,10,1,1,1,1,-1,735,118,65
0,5,60.0,0,1,1.0,1,0.0,0.0,0.0,7,10,1,1,1,0,-1,633,104,51
0,2,75.0,0,0,1.0,0,0.0,0.0,0.0,7,10,1,0,0,0,1,623,62,50
0,2,73.0,1,1,0.0,0,0.0,0.0,0.0,7,10,1,1,0,0,1,618,20,50
0,3,63.0,0,0,1.0,1,0.0,0.0,0.0,7,10,1,0,0,0,-1,613,111,49
0,3,68.3,1,1,1.0,1,0.0,0.2857142857142857,0.0,7,10,1,1,1,0,1,526,95,24
0,3,15.9,0,1,1.0,1,0.25,0.125,0.0,7,10,1,1,0,0,1,436,78,5
0,8,79.6,0,1,1.0,0,0.0,0.0,0.0,7,10,1,1,0,1,1,433,77,3
1,1,70.1,0,1,1.0,0,0.5,0.0,0.0,7,10,1,0,1,1,1,338,60,12
0,5,58.2,0,0,1.0,1,0.0,0.375,0.0,7,10,1,0,0,1,1,304,52,16
1,1,77.7,0,1,1.0,0,0.0,0.0,0.0,7,10,1,1,0,1,1,137,22,31
0,2,77.5,1,1,1.0,0,0.0,0.0,0.0,7,10,1,1,0,0,1,91,13,21
0,1,76.0,0,1,1.0,0,0.25,0.0,0.0,8,10,0,1,1,0,1,792,79,73
0,5,71.0,0,1,0.0,1,0.0,0.0,0.0,8,10,0,0,1,1,1,790,52,72
1,2,76.0,0,1,1.0,0,0.5,0.0,0.0,8,10,0,0,1,1,1,786,11,72
0,5,85.0,0,1,1.0,1,0.3333333333333333,0.0,0.0,8,10,0,1,0,2,-1,747,104,67
0,2,65.0,1,1,1.0,0,0.0,0.0,0.0,8,10,0,1,0,2,1,680,23,57
0,6,87.0,0,0,1.0,0,0.4,0.0,0.0,8,10,0,0,0,2,1,672,57,57
0,3,82.0,0,1,0.0,1,0.3333333333333333,0.0,0.0,8,10,0,1,1,2,1,646,38,53
0,3,61.0,0,1,0.0,1,0.0,0.0,0.0,8,10,0,1,0,0,1,620,33,50
0,6,93.7,0,1,0.0,0,0.0,0.14285714285714285,0.0,8,10,0,1,0,0,1,513,94,10
1,2,31.4,0,1,1.0,0,0.0,0.0,0.0,8,10,0,0,1,1,1,471,84,20
0,6,70.6,0,1,1.0,0,0.0,0.0,0.0,8,10,0,1,0,1,1,447,80,31
0,3,78.3,0,1,1.0,1,0.5,0.2,0.0,8,10,0,1,0,1,1,358,64,6
0,5,92.6,0,1,1.0,1,0.0,0.0,0.0,8,10,0,1,0,0,1,348,61,2
0,1,82.7,0,1,1.0,0,0.3333333333333333,0.16666666666666666,0.0,8,10,0,0,1,0,1,316,54,30
0,3,66.4,0,0,1.0,1,0.0,0.2,0.0,8,10,0,0,0,1,1,261,46,31
1,6,66.0,0,0,1.0,0,0.0,0.2857142857142857,0.0,8,10,0,0,0,0,1,120,19,28
0,6,30.0,0,0,1.0,0,0.0,0.375,0.0,8,10,0,0,0,2,1,119,19,29
0,2,72.8,0,1,1.0,0,0.0,0.0,0.0,8,10,0,0,1,0,1,46,7,30
1,2,62.0,0,1,0.0,0,0.0,0.0,0.0,9,10,6,0,1,0,1,820,7,77
1,17,74.0,0,1,0.0,0,0.0,0.0,0.0,9,10,6,1,0,2,-1,746,105,67
0,3,78.0,1,1,1.0,1,0.3333333333333333,0.0,0.0,9,10,6,0,0,2,-1,697,111,60
1,5,68.0,0,0,0.0,1,0.0,0.0,0.0,9,10,6,0,0,2,1,692,6,60
1,5,64.0,0,1,0.0,1,0.0,0.0,0.0,9,10,6,1,1,1,1,652,1,54
0,3,82.9,0,1,1.0,1,0.5,0.2,0.0,9,10,6,1,0,1,1,522,95,31
1,1,84.4,0,1,1.0,0,0.25,0.2,0.0,9,10,6,0,1,1,1,503,92,22
0,7,67.9,1,1,1.0,0,0.0,0.2,0.0,9,10,6,0,0,1,1,473,85,6
1,1,80.7,0,1,1.0,0,0.0,0.2,0.0,9,10,6,1,0,1,1,443,79,6
1,2,76.5,1,1,1.0,0,0.5,0.14285714285714285,0.0,9,10,6,1,0,0,1,424,76,2
0,6,67.0,0,1,0.0,0,0.0,0.2,0.0,9,10,6,0,1,0,1,328,57,13
0,2,56.5,0,1,1.0,0,0.0,0.5,0.0,9,10,6,0,1,0,1,282,49,18
0,1,65.8,0,0,0.0,0,0.0,0.0,0.0,9,10,6,0,0,0,1,278,48,21
1,1,82.4,0,1,0.0,0,0.5,0.0,0.0,9,10,6,0,1,0,1,235,40,23
1,8,75.6,0,1,0.0,0,0.0,0.16666666666666666,0.0,9,10,6,1,0,0,1,160,26,19
0,1,64.0,0,1,1.0,0,0.0,0.0,0.0,10,10,5,1,0,0,1,765,79,69
0,7,68.0,0,0,0.0,0,0.3333333333333333,0.0,0.0,10,10,5,0,0,2,1,748,87,67
0,6,60.0,0,1,1.0,0,0.0,0.0,0.0,10,10,5,1,0,2,-1,740,103,66
0,14,74.0,0,0,0.0,0,1.0,0.0,0.0,10,10,5,0,0,0,-1,724,112,64
1,6,85.0,0,1,1.0,0,0.5,0.0,0.0,10,10,5,1,0,1,-1,720,103,63
0,16,60.0,0,1,0.0,0,0.0,0.0,0.0,10,10,5,1,1,0,-1,665,113,56
0,1,55.0,0,1,0.0,0,0.0,0.0,0.0,10,10,5,1,0,2,1,634,47,52
0,1,67.3,0,0,1.0,0,0.0,0.0,0.0,10,10,5,0,0,0,1,497,92,28
1,1,84.0,1,1,0.0,0,0.2,0.16666666666666666,0.0,10,10,5,0,0,0,1,236,40,19
1,8,72.8,1,1,0.0,0,0.6666666666666666,0.2857142857142857,0.0,10,10,5,1,0,0,1,207,35,14
0,3,65.5,0,1,1.0,1,0.0,0.5,0.0,10,10,5,1,1,2,1,195,33,26
1,3,42.0,0,0,1.0,1,0.3333333333333333,0.375,0.0,10,10,5,0,0,1,1,186,31,16
0,1,76.6,0,1,1.0,0,0.5,0.25,0.0,10,10,5,1,1,1,1,68,10,12
0,3,66.1,0,1,1.0,1,0.0,0.125,0.0,10,10,5,1,0,0,1,38,5,8
0,3,88.6,0,1,0.0,1,0.0,0.0,0.0,10,10,5,1,1,0,1,33,5,1
1,8,69.0,0,1,0.0,0,0.0,0.0,0.0,11,10,4,1,0,0,-1,829,118,78
0,5,68.0,0,1,1.0,1,0.0,0.0,0.0,11,10,4,1,0,2,-1,809,108,75
0,3,81.0,0,1,1.0,1,0.5,0.0,0.0,11,10,4,1,0,2,1,797,33,74
0,2,66.0,0,1,1.0,0,0.0,0.0,0.0,11,10,4,1,0,2,1,796,76,74
0,2,75.0,0,1,0.0,0,0.0,0.0,0.0,11,10,4,1,1,1,-1,788,98,72
0,3,71.0,0,1,0.0,1,0.0,0.0,0.0,11,10,4,1,1,1,1,781,78,71
0,3,70.0,0,1,0.0,1,0.3333333333333333,0.0,0.0,11,10,4,1,1,1,1,767,38,70
0,6,74.0,0,1,0.0,0,0.0,0.0,0.0,11,10,4,1,0,2,1,694,80,60
0,2,63.0,0,1,0.0,0,0.0,0.0,0.0,11,10,4,1,0,0,1,688,91,59
0,1,87.0,0,1,1.0,0,0.4,0.0,0.0,11,10,4,1,0,2,1,677,22,57
0,1,65.0,0,0,1.0,0,0.0,0.0,0.0,11,10,4,0,0,1,1,655,92,55
0,2,75.0,0,1,0.0,0,0.0,0.0,0.0,11,10,4,0,1,1,1,653,56,54
1,2,45.2,1,1,1.0,0,0.5,0.25,0.0,11,10,4,0,0,0,1,251,44,5
1,3,63.6,0,1,1.0,1,0.0,0.25,0.0,11,10,4,0,1,1,1,201,34,12
0,2,73.7,0,1,0.0,0,0.0,0.0,0.0,11,10,4,1,1,0,1,165,27,27
0,7,32.2,0,1,1.0,0,0.0,0.4,0.0,11,10,4,0,1,1,1,152,25,9
0,2,55.5,0,1,1.0,0,0.0,0.14285714285714285,0.0,11,10,4,1,1,0,1,90,13,24
0,5,37.3,1,1,1.0,1,0.0,0.5,0.0,11,10,4,0,1,1,1,41,6,20
0,1,52.0,0,1,1.0,0,0.3333333333333333,0.0,0.0,11,10,4,1,1,1,1,23,3,9
0,7,73.0,0,1,0.0,0,0.0,0.0,0.0,12,10,3,1,0,2,-1,813,101,75
1,16,62.0,0,1,0.0,0,0.16666666666666666,0.0,0.0,12,10,3,1,0,2,-1,808,113,75
0,3,70.0,0,0,1.0,1,0.0,0.0,0.0,12,10,3,0,0,2,1,805,30,75
1,7,84.0,0,0,1.0,0,0.5,0.0,0.0,12,10,3,0,0,2,1,801,82,74
0,1,59.0,0,1,0.0,0,0.0,0.0,0.0,12,10,3,0,1,1,-1,771,116,70
0,1,59.0,1,1,1.0,0,0.3333333333333333,0.0,0.0,12,10,3,0,1,1,1,730,93,65
0,5,83.0,0,1,1.0,1,0.6666666666666666,0.0,0.0,12,10,3,1,1,1,-1,728,104,65
0,7,71.0,0,0,0.0,0,0.3333333333333333,0.0,0.0,12,10,3,0,0,2,1,695,87,60
0,7,65.0,0,0,0.0,0,0.3333333333333333,0.0,0.0,12,10,3,0,0,2,1,693,24,60
0,2,74.0,0,1,0.0,0,0.0,0.0,0.0,12,10,3,1,0,0,-1,615,97,49
0,1,65.3,0,1,1.0,0,0.5,0.0,0.0,12,10,3,0,1,0,1,510,93,18
0,5,28.1,0,1,1.0,1,0.2,0.0,0.0,12,10,3,1,1,1,1,309,53,20
0,7,59.7,0,1,1.0,0,0.25,0.25,0.0,12,10,3,1,0,0,1,247,42,8
0,8,57.7,0,1,1.0,0,0.3333333333333333,0.0,0.0,12,10,3,1,1,1,1,209,36,11
0,3,61.9,0,1,1.0,1,0.0,0.14285714285714285,0.0,12,10,3,0,1,0,1,198,34,25
1,7,54.7,0,1,1.0,0,0.0,0.3333333333333333,0.0,12,10,3,1,1,1,1,109,17,11
0,5,70.6,0,1,0.0,1,0.0,0.0,0.0,12,10,3,0,1,0,1,42,6,18
0,5,76.4,1,1,0.0,1,0.0,0.5,0.0,12,10,3,0,1,1,1,39,6,15
0,4,71.0,0,0,0.0,1,0.0,0.0,0.0,13,10,2,0,0,1,1,847,39,81
1,4,68.0,0,0,0.0,1,0.0,0.0,0.0,13,10,2,0,0,2,1,757,45,68
1,3,85.0,0,1,0.0,1,0.3333333333333333,0.0,0.0,13,10,2,1,0,1,1,681,5,58
1,3,87.0,1,1,0.0,1,0.5,0.0,0.0,13,10,2,0,1,1,1,648,30,54
1,2,64.0,0,1,0.0,0,0.0,0.0,0.0,13,10,2,1,0,0,1,614,20,49
0,4,77.9,0,1,1.0,1,0.25,0.16666666666666666,0.0,13,10,2,1,1,0,1,492,90,23
1,4,58.9,0,0,1.0,1,0.3333333333333333,0.25,0.0,13,10,2,0,0,1,1,290,50,16
1,8,80.5,0,1,0.0,0,0.25,0.0,0.0,13,10,2,1,1,0,1,211,36,1
0,3,55.4,1,1,0.0,1,0.0,0.25,0.0,13,10,2,0,1,0,1,200,34,1
0,4,70.5,0,1,1.0,1,0.0,0.16666666666666666,0.0,13,10,2,1,1,2,1,174,28,26
0,7,31.7,0,0,1.0,0,0.25,0.25,0.0,13,10,2,0,0,0,1,155,25,5
0,2,45.3,0,1,1.0,0,0.0,0.125,0.0,13,10,2,1,0,0,1,146,23,5
1,2,61.8,0,1,1.0,0,0.0,0.0,0.0,13,10,2,0,1,1,1,47,7,9
1,2,86.5,0,1,1.0,0,0.0,0.0,0.0,13,10,2,1,0,0,0,18,2,21
1,3,71.0,0,1,0.0,1,0.5,0.0,0.0,14,9,1,1,1,1,1,835,78,79
0,6,73.0,0,0,1.0,0,0.0,0.0,0.0,14,9,1,0,0,0,1,759,88,69
1,2,74.0,1,1,1.0,0,0.0,0.0,0.0,14,9,1,0,0,2,1,755,37,68
1,4,85.0,0,0,0.0,1,0.3333333333333333,0.0,0.0,14,9,1,0,0,2,1,744,50,66
1,4,64.0,0,1,1.0,1,0.0,0.0,0.0,14,9,1,1,1,1,1,731,28,65
0,3,65.0,1,1,0.0,1,0.25,0.0,0.0,14,9,1,1,0,0,1,725,51,64
0,4,70.0,0,1,0.0,1,0.5,0.0,0.0,14,9,1,0,1,0,1,670,45,56
1,1,74.5,0,0,1.0,0,0.5,0.0,0.0,14,9,1,0,0,0,1,468,83,2
0,1,68.6,0,1,1.0,0,0.25,0.0,0.0,14,9,1,0,1,1,1,402,72,22
0,4,74.8,0,1,0.0,1,0.0,0.16666666666666666,0.0,14,9,1,0,1,0,1,370,65,7
1,4,74.5,1,1,0.0,1,0.3333333333333333,0.0,0.0,14,9,1,1,1,0,1,332,58,30
0,1,37.8,0,0,1.0,0,0.6666666666666666,0.0,0.0,14,9,1,0,0,2,1,314,54,29
0,2,73.3,0,1,1.0,0,0.0,0.5,0.0,14,9,1,0,1,1,1,283,49,15
1,2,64.9,0,1,1.0,0,0.25,0.0,0.0,14,9,1,0,1,0,1,254,44,23
0,4,53.1,0,1,1.0,1,0.3333333333333333,0.2,0.0,14,9,1,0,1,1,1,234,39,9
0,2,85.8,0,1,1.0,0,0.5,0.0,0.0,14,9,1,1,1,1,1,140,23,12
0,1,53.5,0,1,1.0,0,0.0,0.5,0.0,14,9,1,1,1,2,1,105,16,26
1,1,64.4,0,1,1.0,0,0.5,0.2,0.0,14,9,1,1,0,1,1,26,3,6
0,3,78.0,0,1,0.0,1,0.3333333333333333,0.0,0.0,15,9,0,0,1,0,-1,819,111,77
0,2,75.0,0,1,0.0,0,0.25,0.0,0.0,15,9,0,1,1,1,1,778,9,71
0,8,80.0,0,1,0.0,0,0.3333333333333333,0.0,0.0,15,9,0,1,1,1,1,769,77,70
1,2,72.0,0,0,0.0,0,0.3333333333333333,0.0,0.0,15,9,0,0,0,1,1,684,56,58
0,1,65.0,0,0,0.0,0,0.0,0.0,0.0,15,9,0,0,0,1,-1,682,116,58
0,3,72.0,0,1,1.0,1,0.0,0.0,0.0,15,9,0,1,0,1,1,659,64,55
0,2,74.0,0,1,0.0,0,0.0,0.0,0.0,15,9,0,1,0,0,1,617,91,50
0,3,72.8,0,1,1.0,1,0.5,0.16666666666666666,0.0,15,9,0,1,1,0,1,520,95,7
0,6,99.7,0,1,0.0,0,0.3333333333333333,0.0,0.0,15,9,0,0,1,0,1,487,88,27
0,2,61.1,0,1,1.0,0,0.0,0.2,0.0,15,9,0,0,1,1,1,469,84,22
0,1,58.5,0,0,1.0,0,0.0,0.0,0.0,15,9,0,0,0,1,1,392,70,3
0,1,33.0,1,1,1.0,0,0.3333333333333333,0.5,0.0,15,9,0,1,0,2,1,272,47,29
1,4,83.1,0,0,1.0,1,0.0,0.0,0.0,15,9,0,0,0,0,1,233,39,28
0,8,98.7,0,1,0.0,0,0.3333333333333333,0.0,0.0,15,9,0,1,1,0,1,203,35,27
0,2,66.7,1,1,1.0,0,0.0,0.3333333333333333,0.0,15,9,0,1,0,0,1,167,27,19
0,7,69.1,0,0,1.0,0,0.5,0.25,0.0,15,9,0,0,0,0,1,150,24,8
0,2,53.2,0,1,1.0,0,0.3333333333333333,0.2,0.0,15,9,0,1,1,1,1,126,20,9
0,2,79.6,0,1,1.0,0,0.3333333333333333,0.0,0.0,15,9,0,1,1,0,1,95,14,13
0,2,58.2,0,1,0.0,0,0.0,0.16666666666666666,0.0,15,9,0,0,1,0,1,70,11,23
0,2,100.0,0,1,1.0,0,0.0,0.0,0.0,15,9,0,1,0,0,0,19,2,4
0,2,66.3,0,1,1.0,0,0.0,0.0,0.0,15,9,0,1,1,1,0,13,2,9
1,5,93.0,0,1,1.0,1,0.6666666666666666,0.0,0.0,16,9,6,1,0,1,-1,842,104,81
0,3,81.0,1,1,0.0,1,0.5,0.0,0.0,16,9,6,1,1,1,1,787,4,72
1,5,84.0,0,0,1.0,1,0.6666666666666666,0.0,0.0,16,9,6,0,0,0,1,766,6,69
1,6,62.0,0,0,0.0,0,0.0,0.0,0.0,16,9,6,0,0,2,1,756,57,68
1,1,71.0,0,1,1.0,0,0.25,0.0,0.0,16,9,6,1,0,0,1,727,18,64
1,7,81.0,0,1,0.0,0,0.5,0.0,0.0,16,9,6,1,0,1,-1,717,101,63
1,7,78.0,0,0,1.0,0,0.25,0.0,0.0,16,9,6,0,0,2,-1,703,110,61
1,3,64.0,0,1,1.0,1,0.3333333333333333,0.0,0.0,16,9,6,1,0,2,1,691,78,60
0,4,83.0,0,0,0.0,1,0.3333333333333333,0.0,0.0,16,9,6,0,0,1,1,661,50,55
1,5,84.0,0,1,1.0,1,0.3333333333333333,0.0,0.0,16,9,6,0,1,2,1,641,43,53
1,4,67.3,0,0,1.0,1,0.5,0.0,0.0,16,9,6,0,0,1,1,242,41,31
1,4,62.1,0,1,1.0,1,0.3333333333333333,0.0,0.0,16,9,6,0,1,1,1,228,39,11
0,3,66.0,1,1,1.0,1,0.0,0.0,0.0,17,9,5,0,0,0,1,828,66,78
1,2,75.0,0,1,1.0,0,0.0,0.0,0.0,17,9,5,1,0,0,1,826,23,78
1,7,62.0,0,1,0.0,0,0.0,0.0,0.0,17,9,5,1,0,0,-1,824,100,78
0,17,69.0,0,1,0.0,0,0.0,0.0,0.0,17,9,5,1,0,2,-1,803,105,74
0,5,72.0,0,1,1.0,1,0.0,0.0,0.0,17,9,5,1,0,0,1,760,1,69
0,1,58.0,0,1,1.0,0,0.0,0.0,0.0,17,9,5,0,1,1,1,737,70,65
1,7,72.0,0,1,0.0,0,0.0,0.0,0.0,17,9,5,1,1,1,1,729,42,65
0,3,71.0,0,1,1.0,1,0.25,0.0,0.0,17,9,5,1,0,2,1,701,38,61
0,5,61.0,0,0,0.0,1,0.0,0.0,0.0,17,9,5,0,0,0,1,686,67,59
0,5,64.0,0,1,1.0,1,0.0,0.0,0.0,17,9,5,1,1,2,-1,644,108,53
0,4,77.0,1,1,1.0,1,0.0,0.0,0.0,17,9,5,1,0,0,1,456,81,21
0,3,47.1,0,1,1.0,1,0.2,0.0,0.0,17,9,5,1,1,1,1,438,78,20
1,1,77.4,0,1,1.0,0,0.3333333333333333,0.125,0.0,17,9,5,1,0,1,1,356,63,16
1,4,85.4,0,0,1.0,1,0.3333333333333333,0.0,0.0,17,9,5,0,0,0,1,240,41,4
1,3,74.8,0,0,0.0,1,0.0,0.2857142857142857,0.0,17,9,5,0,0,0,1,197,34,14
1,3,69.2,0,1,1.0,1,0.5,0.2,0.0,17,9,5,0,1,1,1,55,8,22
1,3,94.0,0,0,1.0,1,0.6666666666666666,0.0,0.0,18,9,4,0,0,1,-1,846,111,81
1,2,84.0,0,1,1.0,0,0.6666666666666666,0.0,0.0,18,9,4,1,0,0,1,830,27,78
0,1,61.0,0,1,0.0,0,0.3333333333333333,0.0,0.0,18,9,4,1,1,0,1,821,47,77
1,5,84.0,0,0,0.0,1,0.5,0.0,0.0,18,9,4,0,0,2,1,800,52,74
0,13,73.0,0,1,1.0,0,0.0,0.0,0.0,18,9,4,1,0,2,-1,798,106,74
1,7,64.0,0,1,0.0,0,0.75,0.0,0.0,18,9,4,1,1,1,-1,779,101,71
0,1,65.0,0,1,0.0,0,0.25,0.0,0.0,18,9,4,0,1,1,1,777,70,71
0,7,75.0,1,1,0.0,0,0.0,0.0,0.0,18,9,4,1,1,1,-1,768,101,70
0,2,66.0,0,1,0.0,0,0.5,0.0,0.0,18,9,4,1,0,2,-1,753,98,68
0,7,62.0,0,1,1.0,0,0.0,0.0,0.0,18,9,4,0,1,1,1,736,25,65
0,7,70.0,0,1,0.0,0,0.25,0.0,0.0,18,9,4,1,0,0,1,721,42,64
0,7,67.0,0,0,1.0,0,0.0,0.0,0.0,18,9,4,0,0,2,1,700,82,61
0,5,65.0,0,1,0.0,1,0.0,0.0,0.0,18,9,4,1,0,1,1,654,1,55
0,2,66.0,0,1,1.0,0,0.0,0.0,0.0,18,9,4,1,1,0,1,629,76,51
1,1,80.0,0,1,1.0,0,0.6666666666666666,0.0,0.0,18,9,4,1,1,0,1,628,22,51
1,3,88.0,0,1,0.0,1,0.3333333333333333,0.0,0.0,18,9,4,1,0,0,1,619,38,50
0,3,66.0,0,1,0.0,1,0.5,0.0,0.0,18,9,4,1,1,0,1,523,95,1
1,7,73.7,0,0,0.0,0,0.0,0.0,0.0,18,9,4,0,0,0,1,472,85,10
0,2,44.0,0,1,1.0,0,0.0,0.16666666666666666,0.0,18,9,4,1,1,1,1,422,76,11
0,2,57.6,0,1,1.0,0,0.25,0.25,0.0,18,9,4,1,1,0,1,388,69,18
0,5,50.1,0,1,1.0,1,0.3333333333333333,0.25,0.0,18,9,4,1,0,1,1,385,68,16
0,3,76.0,1,1,1.0,1,0.3333333333333333,0.2,0.0,18,9,4,0,1,0,1,375,66,27
0,3,26.0,0,1,1.0,1,0.2,0.0,0.0,18,9,4,1,1,1,1,363,64,20
0,2,69.5,0,1,1.0,0,0.3333333333333333,0.14285714285714285,0.0,18,9,4,1,1,0,1,144,23,25
0,8,40.9,0,1,1.0,0,0.0,0.4,0.0,18,9,4,0,1,1,1,96,15,9
0,2,49.0,0,1,1.0,0,0.0,0.5714285714285714,0.0,18,9,4,1,1,0,1,92,13,25
0,2,63.4,0,1,1.0,0,0.0,0.0,0.0,18,9,4,0,1,0,1,45,7,23
1,7,74.0,0,1,0.0,0,0.0,0.0,0.0,19,9,3,1,0,2,1,738,17,66
0,3,69.0,0,1,1.0,1,0.3333333333333333,0.0,0.0,19,9,3,1,1,1,1,733,78,65
0,2,66.0,0,0,1.0,0,0.3333333333333333,0.0,0.0,19,9,3,0,0,2,1,699,37,60
0,7,75.0,0,1,0.0,0,0.0,0.0,0.0,19,9,3,1,1,0,1,626,42,51
0,1,59.9,0,0,1.0,0,0.3333333333333333,0.25,0.0,19,9,3,0,0,1,1,502,92,16
1,8,69.4,0,1,1.0,0,0.0,0.5,0.0,19,9,3,1,1,1,1,432,77,12
0,5,82.6,0,1,1.0,1,0.0,0.3333333333333333,0.0,19,9,3,0,1,0,1,381,67,7
1,4,74.4,0,1,0.0,1,0.3333333333333333,0.0,0.0,19,9,3,1,0,0,1,334,58,21
0,4,40.0,0,1,1.0,1,0.2,0.25,0.0,19,9,3,1,1,1,1,331,58,20
0,2,62.0,0,1,1.0,0,0.0,0.5,0.0,19,9,3,0,1,2,1,322,56,26
0,4,85.8,0,1,1.0,1,0.3333333333333333,0.0,0.0,19,9,3,0,1,0,1,318,55,27
0,8,60.6,1,1,0.0,0,0.0,0.25,0.0,19,9,3,1,1,0,1,210,36,18
1,4,64.3,1,1,1.0,1,0.0,0.25,0.0,19,9,3,1,1,1,1,170,28,15
1,4,60.1,0,1,1.0,1,0.3333333333333333,0.0,0.0,19,9,3,1,1,1,1,79,12,11
0,2,39.2,0,1,1.0,0,0.0,0.375,0.0,19,9,3,1,1,1,1,57,9,17
0,3,63.0,0,1,0.0,1,0.0,0.0,0.0,20,9,2,1,1,1,1,834,33,79
0,2,67.0,0,0,1.0,0,0.0,0.0,0.0,20,9,2,0,0,0,1,831,37,78
0,5,65.0,0,0,1.0,1,0.0,0.0,0.0,20,9,2,0,0,0,1,816,43,76
0,7,67.0,0,0,0.0,0,0.0,0.0,0.0,20,9,2,0,0,2,1,799,24,74
0,1,73.0,0,1,1.0,0,0.25,0.0,0.0,20,9,2,1,1,0,1,794,63,73
1,3,82.0,0,0,1.0,1,0.6666666666666666,0.0,0.0,20,9,2,0,0,0,-1,707,111,62
0,4,60.0,0,0,1.0,1,0.0,0.0,0.0,20,9,2,0,0,2,1,678,39,57
1,1,80.0,0,1,0.0,0,0.5,0.0,0.0,20,9,2,1,1,0,1,666,21,56
0,5,65.0,0,1,0.0,1,0.0,0.0,0.0,20,9,2,1,0,1,-1,658,108,55
0,6,97.7,0,1,0.0,0,0.3333333333333333,0.2,0.0,20,9,2,1,1,0,1,516,94,27
0,4,69.0,0,1,1.0,1,0.0,0.2857142857142857,0.0,20,9,2,1,1,0,1,454,81,24
0,8,56.1,0,1,1.0,0,0.0,0.0,0.0,20,9,2,1,1,1,1,431,77,11
1,2,75.9,1,1,1.0,0,0.3333333333333333,0.16666666666666666,0.0,20,9,2,1,1,0,1,420,76,30
0,2,68.0,0,1,1.0,0,0.0,0.25,0.0,20,9,2,0,1,1,1,352,62,15
0,5,76.7,0,1,0.0,1,0.0,0.5,0.0,20,9,2,0,1,1,1,300,52,15
1,4,65.6,0,0,1.0,1,0.0,0.0,0.0,20,9,2,0,0,0,1,288,50,21
0,2,43.1,0,0,1.0,0,0.0,0.125,0.0,20,9,2,0,0,2,1,75,11,29
1,4,85.0,0,1,0.0,1,0.3333333333333333,0.0,0.0,21,9,1,0,1,0,1,822,45,77
0,14,79.0,0,0,0.0,0,0.75,0.0,0.0,21,9,1,0,0,2,-1,705,112,61
1,2,72.0,1,1,1.0,0,0.0,0.0,0.0,21,9,1,0,0,2,1,675,37,57
1,7,63.0,0,0,0.0,0,0.16666666666666666,0.0,0.0,21,9,1,0,0,2,1,638,87,52
1,6,90.7,0,1,0.0,0,0.0,0.25,0.0,21,9,1,1,0,0,1,512,94,21
0,4,32.6,0,1,1.0,1,0.6666666666666666,0.125,0.0,21,9,1,1,1,1,1,491,90,17
0,5,67.7,0,0,1.0,1,0.5,0.2,0.0,21,9,1,0,0,1,1,410,74,6
0,1,67.0,0,0,1.0,0,0.0,0.0,0.0,21,9,1,0,0,0,1,393,70,28
0,3,42.5,0,1,1.0,1,0.0,0.25,0.0,21,9,1,1,0,0,1,299,51,5
0,4,77.2,0,1,1.0,1,0.0,0.0,0.0,21,9,1,0,1,1,1,294,50,11
0,3,70.4,0,1,1.0,1,0.5,0.0,0.0,21,9,1,0,1,0,1,53,8,7
0,3,84.8,0,1,1.0,1,0.5,0.25,0.0,21,9,1,0,1,0,1,51,8,18
1,3,91.0,1,1,1.0,1,0.6666666666666666,0.0,0.0,22,9,0,0,0,0,1,827,46,78
0,8,66.0,0,1,1.0,0,0.0,0.0,0.0,22,9,0,1,0,2,1,812,77,75
0,2,64.0,0,1,1.0,0,0.16666666666666666,0.0,0.0,22,9,0,1,0,2,1,810,73,75
0,2,72.0,0,1,1.0,0,0.5,0.0,0.0,22,9,0,1,0,2,1,706,73,61
0,7,69.0,0,1,0.0,0,0.0,0.0,0.0,22,9,0,1,1,0,-1,663,100,56
1,8,83.0,0,1,0.0,0,0.6666666666666666,0.0,0.0,22,9,0,1,0,0,-1,622,118,50
0,2,73.0,1,1,0.0,0,0.0,0.0,0.0,22,9,0,1,0,0,1,616,23,50
0,5,64.4,0,1,1.0,1,0.0,0.0,0.0,22,9,0,0,1,0,1,383,67,23
1,5,89.6,0,1,0.0,1,0.0,0.0,0.0,22,9,0,0,1,0,1,378,67,27
0,6,43.5,0,0,1.0,0,0.25,0.125,0.0,22,9,0,0,0,0,1,327,57,5
0,4,63.9,0,1,1.0,1,0.3333333333333333,0.2,0.0,22,9,0,0,1,1,1,292,50,9
0,4,98.4,0,0,0.0,1,0.0,0.2857142857142857,0.0,22,9,0,0,0,0,1,258,45,10
0,4,85.2,0,0,0.0,1,0.5,0.2,0.0,22,9,0,0,0,1,1,230,39,31
0,2,37.0,0,1,1.0,0,0.3333333333333333,0.125,0.0,22,9,0,0,1,1,1,219,37,17
0,3,77.2,0,0,1.0,1,0.25,0.125,0.0,22,9,0,0,0,0,1,183,31,8
1,7,62.0,0,1,0.0,0,0.0,0.0,0.0,23,9,6,0,1,0,1,823,82,77
0,2,71.0,0,1,0.0,0,0.0,0.0,0.0,23,9,6,1,0,0,1,814,91,76
0,8,81.0,0,1,1.0,0,0.5,0.0,0.0,23,9,6,1,1,1,1,783,77,72
0,2,71.0,0,1,0.0,0,0.25,0.0,0.0,23,9,6,1,0,0,1,722,91,64
0,6,65.0,0,0,0.0,0,0.0,0.0,0.0,23,9,6,0,0,1,1,714,88,63
0,13,72.0,0,1,0.0,0,0.3333333333333333,0.0,0.0,23,9,6,1,0,2,-1,696,106,60
1,5,69.0,0,1,0.0,1,0.0,0.0,0.0,23,9,6,0,1,0,1,668,52,56
0,5,60.0,0,0,0.0,1,0.0,0.0,0.0,23,9,6,0,0,0,1,611,67,49
1,7,45.9,0,1,1.0,0,0.0,0.0,0.0,23,9,6,0,1,1,1,476,85,17
0,1,73.6,0,1,1.0,0,1.0,0.14285714285714285,0.0,23,9,6,1,0,0,1,439,79,28
0,5,39.0,0,1,1.0,1,0.6666666666666666,0.125,0.0,23,9,6,1,1,1,1,386,68,17
0,4,71.4,0,0,1.0,1,0.0,0.14285714285714285,0.0,23,9,6,0,0,0,1,319,55,28
1,3,88.4,0,0,1.0,1,0.0,0.14285714285714285,0.0,23,9,6,0,0,0,1,260,46,14
0,3,42.0,1,1,1.0,1,0.6666666666666666,0.25,0.0,23,9,6,0,0,2,1,190,31,29
0,7,32.3,1,1,1.0,0,0.0,0.375,0.0,23,9,6,1,0,2,1,110,17,29
0,5,72.0,1,1,1.0,1,0.0,0.0,0.0,24,9,5,0,0,0,1,832,43,78
1,3,72.0,0,1,0.0,1,0.25,0.0,0.0,24,9,5,1,1,1,1,782,33,71
0,1,59.0,0,1,0.0,0,0.0,0.0,0.0,24,9,5,1,0,2,1,742,21,66
0,7,69.0,0,0,0.0,0,0.0,0.0,0.0,24,9,5,0,0,1,1,716,25,63
1,3,66.0,0,0,1.0,1,0.0,0.0,0.0,24,9,5,0,0,2,1,702,30,61
1,1,67.0,0,1,1.0,0,0.0,0.0,0.0,24,9,5,1,1,2,1,647,18,53
1,4,72.0,0,1,0.0,1,0.0,0.0,0.0,24,9,5,1,0,2,1,639,28,52
1,6,64.0,0,1,0.0,0,0.16666666666666666,0.0,0.0,24,9,5,1,0,2,-1,637,103,52
0,3,71.0,0,1,1.0,1,0.3333333333333333,0.0,0.0,24,9,5,1,0,0,1,624,64,50
1,8,68.7,0,1,1.0,0,0.3333333333333333,0.2857142857142857,0.0,24,9,5,1,1,0,1,419,75,25
0,2,64.6,1,1,1.0,0,0.5,0.25,0.0,24,9,5,1,1,1,1,405,73,12
0,1,56.8,1,1,1.0,0,0.3333333333333333,0.14285714285714285,0.0,24,9,5,0,1,0,1,398,72,25
0,3,31.9,0,0,1.0,1,0.0,0.125,0.0,24,9,5,0,0,1,1,374,66,16
0,4,74.1,0,0,1.0,1,0.0,0.125,0.0,24,9,5,0,0,0,1,369,65,8
1,1,54.7,0,1,1.0,0,0.0,0.0,0.0,24,9,5,1,0,0,1,353,63,4
1,4,79.8,0,1,1.0,1,0.0,0.25,0.0,24,9,5,1,1,0,1,173,28,18
1,4,77.3,0,1,1.0,1,0.0,0.14285714285714285,0.0,24,9,5,1,1,0,1,172,28,24
0,3,69.4,1,1,1.0,1,0.0,0.2857142857142857,0.0,24,9,5,0,1,0,1,54,8,24
1,2,77.1,0,1,1.0,0,0.25,0.0,0.0,24,9,5,1,0,0,0,8,2,8
1,5,91.0,0,0,1.0,1,0.3333333333333333,0.0,0.0,25,9,4,0,0,1,1,848,43,81
0,5,74.0,0,1,0.0,1,0.25,0.0,0.0,25,9,4,0,1,1,1,833,32,79
1,8,73.0,0,1,0.0,0,0.25,0.0,0.0,25,9,4,1,1,0,1,793,77,73
1,6,62.0,0,1,0.0,0,0.25,0.0,0.0,25,9,4,0,1,1,1,780,19,71
1,3,69.0,0,1,0.0,1,0.0,0.0,0.0,25,9,4,1,1,1,1,775,95,71
0,3,75.0,0,1,1.0,1,0.3333333333333333,0.0,0.0,25,9,4,1,1,1,1,732,95,65
0,8,73.0,0,1,0.0,0,0.25,0.0,0.0,25,9,4,1,0,0,1,726,35,64
0,2,69.0,0,0,1.0,0,0.0,0.0,0.0,25,9,4,0,0,1,1,718,62,63
1,16,71.0,1,1,0.0,0,0.3333333333333333,0.0,0.0,25,9,4,1,0,2,-1,690,113,60
0,2,73.0,1,1,0.0,0,0.0,0.0,0.0,25,9,4,1,0,0,1,621,27,50
0,8,70.0,0,1,0.0,0,0.0,0.0,0.0,25,9,4,1,0,0,1,612,77,49
0,1,65.7,0,0,1.0,0,0.4,0.6666666666666666,0.0,25,9,4,0,0,0,1,396,72,19
1,4,69.8,0,1,1.0,1,0.3333333333333333,0.4,0.0,25,9,4,0,1,1,1,368,65,9
1,4,78.4,1,1,1.0,1,0.0,0.25,0.0,25,9,4,0,1,1,1,257,45,15
0,8,88.0,0,1,0.0,0,0.25,0.0,0.0,25,9,4,1,1,0,1,206,35,1
0,1,68.4,0,1,1.0,0,0.0,0.2,0.0,25,9,4,1,1,1,1,104,16,22
0,8,81.5,0,0,0.0,0,0.0,0.16666666666666666,0.0,25,9,4,0,0,0,1,100,15,19
0,2,80.2,0,1,1.0,0,0.0,0.2,0.0,25,9,4,1,1,0,1,63,9,13
0,2,75.0,1,1,0.0,0,0.0,0.0,0.0,26,9,3,0,1,1,1,836,84,79
1,1,68.0,1,1,0.0,0,0.0,0.0,0.0,26,9,3,1,0,0,1,825,21,78
1,14,66.0,0,0,0.0,0,0.16666666666666666,0.0,0.0,26,9,3,0,0,2,-1,811,112,75
0,4,62.0,0,0,1.0,1,0.0,0.0,0.0,26,9,3,0,0,2,1,807,65,75
1,8,68.0,0,1,1.0,0,0.0,0.0,0.0,26,9,3,1,0,2,1,806,26,75
1,2,67.0,0,1,0.0,0,0.0,0.0,0.0,26,9,3,1,0,0,-1,713,98,62
0,1,81.0,0,0,1.0,0,0.3333333333333333,0.0,0.0,26,9,3,0,0,0,1,708,70,62
0,5,73.0,1,1,1.0,1,0.2,0.0,0.0,26,9,3,1,0,2,1,674,53,57
1,2,61.0,1,1,0.0,0,0.0,0.0,0.0,26,9,3,0,1,0,1,667,84,56
1,7,75.0,0,1,1.0,0,0.0,0.0,0.0,26,9,3,0,1,2,-1,643,110,53
0,1,18.8,0,0,1.0,0,0.25,0.25,0.0,26,9,3,0,0,0,1,507,93,5
0,1,64.9,0,0,1.0,0,0.6666666666666666,0.25,0.0,26,9,3,0,0,0,1,498,92,21
0,1,78.4,0,1,1.0,0,0.5,0.5,0.0,26,9,3,0,1,0,1,397,72,7
0,5,78.6,0,1,0.0,1,0.3333333333333333,0.0,0.0,26,9,3,1,1,0,1,311,53,27
0,3,62.4,0,0,1.0,1,0.0,0.2,0.0,26,9,3,0,0,1,1,263,46,3
0,3,74.0,0,1,1.0,1,0.3333333333333333,0.0,0.0,27,9,2,1,0,1,1,845,78,81
1,2,75.0,0,0,1.0,0,0.0,0.0,0.0,27,9,2,0,0,2,1,804,49,75
0,2,69.0,1,1,1.0,0,0.0,0.0,0.0,27,9,2,1,1,1,1,789,20,72
0,7,70.0,0,1,0.0,0,0.0,0.0,0.0,27,9,2,0,1,1,1,770,82,70
0,5,75.0,0,0,0.0,1,0.3333333333333333,0.0,0.0,27,9,2,0,0,2,1,749,74,67
0,3,75.0,0,0,0.0,1,0.3333333333333333,0.0,0.0,27,9,2,0,0,1,-1,683,111,58
0,6,74.5,0,0,1.0,0,0.4,0.16666666666666666,0.0,27,9,2,0,0,0,1,528,96,19
1,6,72.6,0,0,0.0,0,0.5,0.0,0.0,27,9,2,0,0,0,1,486,88,2
0,6,80.6,0,1,1.0,0,0.0,0.0,0.0,27,9,2,1,1,0,1,449,80,18
0,8,66.5,1,1,0.0,0,0.0,0.2857142857142857,0.0,27,9,2,1,0,0,1,428,77,2
0,8,69.3,0,1,0.0,0,0.0,0.0,0.0,27,9,2,0,1,0,1,98,15,24
0,2,86.6,0,1,0.0,0,0.0,0.2,0.0,27,9,2,0,1,0,1,48,7,27
0,2,65.0,0,1,0.0,0,0.0,0.0,0.0,28,9,1,1,0,1,-1,849,97,81
0,2,80.0,0,0,0.0,0,0.6666666666666666,0.0,0.0,28,9,1,0,0,0,1,817,7,76
1,6,68.0,0,1,0.0,0,0.0,0.0,0.0,28,9,1,0,1,1,1,772,19,70
0,3,62.0,0,1,1.0,1,0.0,0.0,0.0,28,9,1,1,0,0,1,763,78,69
1,2,68.0,0,1,0.0,0,0.0,0.0,0.0,28,9,1,1,0,2,-1,758,97,68
0,2,69.0,0,1,0.0,0,0.0,0.0,0.0,28,9,1,1,0,2,1,739,23,66
0,4,60.0,0,0,1.0,1,0.0,0.0,0.0,28,9,1,0,0,0,1,712,45,62
0,6,81.0,0,1,0.0,0,0.3333333333333333,0.0,0.0,28,9,1,0,1,2,1,645,57,53
1,2,74.0,0,0,0.0,0,0.0,0.0,0.0,28,9,1,0,0,2,1,635,7,52
0,6,58.9,0,0,0.0,0,0.0,0.4,0.0,28,9,1,0,0,1,1,326,57,3
0,3,75.8,0,1,1.0,1,0.0,0.0,0.0,28,9,1,0,1,0,1,264,46,23
0,7,64.9,0,1,1.0,0,0.3333333333333333,0.42857142857142855,0.0,28,9,1,1,1,0,1,245,42,25
0,4,78.7,0,1,1.0,1,0.25,0.2,0.0,28,9,1,0,1,1,1,241,41,22
0,3,75.3,0,1,0.0,1,0.0,0.14285714285714285,0.0,28,9,1,1,1,0,1,227,38,24
0,6,63.0,1,1,1.0,0,0.3333333333333333,0.14285714285714285,0.0,28,9,1,0,1,0,1,122,19,25
0,1,63.0,1,1,1.0,0,0.0,0.0,0.0,29,9,0,0,0,0,1,818,92,76
0,2,60.0,1,1,1.0,0,0.0,0.0,0.0,29,9,0,0,1,1,1,791,84,72
0,2,74.0,0,1,0.0,0,0.0,0.0,0.0,29,9,0,1,0,2,1,754,91,68
1,5,80.0,0,0,0.0,1,0.25,0.0,0.0,29,9,0,0,0,0,1,723,32,64
0,2,61.0,1,1,1.0,0,0.0,0.0,0.0,29,9,0,1,0,1,1,657,86,55
0,1,59.0,0,1,0.0,0,0.0,0.0,0.0,29,9,0,1,0,2,1,636,22,52
0,6,60.9,0,0,0.0,0,0.3333333333333333,0.25,0.0,29,9,0,0,0,0,1,490,89,21
0,4,70.1,0,1,0.0,1,0.0,0.4,0.0,29,9,0,1,0,1,1,455,81,31
0,5,66.3,0,1,1.0,1,0.5,0.2,0.0,29,9,0,0,1,1,1,411,74,22
1,2,80.6,0,1,0.0,0,0.2,0.14285714285714285,0.0,29,9,0,1,0,0,1,389,69,10
0,3,71.7,0,0,1.0,1,0.3333333333333333,0.0,0.0,29,9,0,0,0,0,1,376,66,4
0,3,89.8,0,0,1.0,1,0.3333333333333333,0.25,0.0,29,9,0,0,0,0,1,373,66,21
1,4,81.3,0,1,1.0,1,0.0,0.16666666666666666,0.0,29,9,0,0,1,0,1,372,65,23
1,7,80.0,0,1,0.0,0,0.0,0.16666666666666666,0.0,29,9,0,1,0,0,1,248,42,19
1,3,60.7,0,1,1.0,1,0.5,0.25,0.0,29,9,0,0,1,1,1,189,31,12
0,1,73.4,0,1,0.0,0,0.25,0.2,0.0,29,9,0,0,1,1,1,179,29,22
0,7,88.7,0,1,1.0,0,0.0,0.0,0.0,29,9,0,1,1,0,1,108,17,18
0,2,59.2,0,1,1.0,0,0.0,0.4,0.0,29,9,0,1,0,1,1,86,13,3
0,2,86.3,0,1,1.0,0,0.0,0.25,0.0,29,9,0,0,1,1,1,76,11,12
0,2,57.2,0,1,0.0,0,0.0,0.0,0.0,29,9,0,0,1,0,1,74,11,1
1,3,71.0,0,1,1.0,1,0.0,0.0,0.0,29,9,0,1,0,0,1,34,5,4
0,3,74.0,0,1,1.0,1,0.5,0.0,0.0,30,9,6,0,1,0,-1,795,111,73
1,5,74.0,0,1,0.0,1,0.5,0.0,0.0,30,9,6,1,0,1,-1,719,107,63
0,14,62.0,0,0,0.0,0,0.3333333333333333,0.0,0.0,30,9,6,0,0,0,-1,710,112,62
1,8,66.0,0,1,0.0,0,0.3333333333333333,0.0,0.0,30,9,6,1,0,1,1,685,35,58
1,4,85.0,0,1,0.0,1,0.5,0.0,0.0,30,9,6,0,1,0,1,669,65,56
1,3,87.0,1,1,0.0,1,0.5,0.0,0.0,30,9,6,0,1,1,1,651,46,54
1,1,71.9,0,1,1.0,0,0.3333333333333333,0.16666666666666666,0.0,30,9,6,0,1,0,1,508,93,30
0,1,67.3,0,0,1.0,0,0.5,0.2,0.0,30,9,6,0,0,1,1,500,92,6
0,2,56.0,0,1,1.0,0,0.0,0.375,0.0,30,9,6,1,0,1,1,406,73,16
1,5,84.2,0,0,1.0,1,0.0,0.2857142857142857,0.0,30,9,6,0,0,0,1,382,67,28
0,1,64.2,1,1,1.0,0,0.5,0.2,0.0,30,9,6,0,0,1,1,313,54,6
0,3,50.8,0,1,1.0,1,0.3333333333333333,0.16666666666666666,0.0,30,9,6,1,1,1,1,296,51,11
1,3,69.9,0,1,1.0,1,0.5,0.0,0.0,30,9,6,0,1,0,1,184,31,7
1,4,74.7,0,1,1.0,1,0.0,0.0,0.0,30,9,6,1,1,1,1,175,28,12
0,2,72.1,0,1,1.0,0,0.5,0.14285714285714285,0.0,30,9,6,1,0,0,1,94,14,2
0,1,53.8,0,1,1.0,0,0.5,0.125,0.0,30,9,6,1,0,0,1,64,10,5
0,5,83.6,0,0,0.0,1,0.0,0.0,0.0,30,9,6,0,0,0,1,40,6,4
1,1,80.1,0,1,1.0,0,0.25,0.0,0.0,30,9,6,1,1,1,1,14,3,22
0,4,69.2,0,1,1.0,1,0.0,0.0,0.0,31,9,5,0,1,0,1,293,50,30
0,2,69.9,0,1,1.0,0,0.0,0.4,0.0,31,9,5,0,1,1,1,286,49,9
0,1,79.0,0,1,1.0,0,0.5,0.4,0.0,31,9,5,1,0,1,1,270,47,3
1,2,63.9,0,1,1.0,0,0.5,0.0,0.0,31,9,5,0,1,2,1,252,44,26
0,4,57.2,0,1,1.0,1,0.5,0.16666666666666666,0.0,31,9,5,0,1,2,1,238,41,26
0,1,49.3,1,1,1.0,0,0.0,0.42857142857142855,0.0,31,9,5,1,1,0,1,103,16,25
0,7,49.2,0,1,1.0,0,0.0,0.4,0.0,32,9,4,0,1,1,1,460,82,9
1,8,84.6,0,1,1.0,0,0.25,0.25,0.0,32,9,4,1,1,0,1,415,75,18
0,1,57.9,0,1,1.0,0,0.5,0.16666666666666666,0.0,32,9,4,0,1,2,1,403,72,26
0,2,48.5,0,1,1.0,0,0.0,0.0,0.0,32,9,4,0,1,1,1,324,56,11
0,8,36.4,0,1,1.0,0,0.0,0.0,0.0,32,9,4,1,1,1,1,162,26,9
1,8,61.2,0,1,0.0,0,0.0,0.0,0.0,32,9,4,1,1,0,1,157,26,1
0,7,89.6,0,0,0.0,0,0.4,0.0,0.0,32,9,4,0,0,0,1,149,24,10
1,1,67.2,0,1,1.0,0,0.0,0.25,0.0,32,9,4,1,0,1,1,135,22,16
0,6,84.1,1,1,1.0,0,0.0,0.5,0.0,32,9,4,0,1,1,1,124,19,15
0,2,54.2,0,1,1.0,0,0.0,0.16666666666666666,0.0,32,9,4,1,1,2,1,62,9,26
1,3,60.8,0,0,1.0,1,0.5,0.6,0.0,32,9,4,0,0,1,1,52,8,3
1,1,85.6,0,0,1.0,0,0.25,0.0,0.0,33,9,3,0,0,0,1,499,92,8
1,2,66.9,0,1,0.0,0,0.0,0.16666666666666666,0.0,33,9,3,1,1,0,1,496,91,23
0,6,84.6,0,1,0.0,0,0.3333333333333333,0.16666666666666666,0.0,33,9,3,0,1,0,1,485,88,30
0,8,82.2,1,1,1.0,0,0.3333333333333333,0.0,0.0,33,9,3,1,1,0,1,413,75,24
0,1,76.7,0,0,1.0,0,0.5,0.0,0.0,33,9,3,0,0,1,1,342,60,31
0,2,55.1,0,1,1.0,0,0.0,0.3333333333333333,0.0,33,9,3,0,1,0,1,323,56,7
1,3,82.4,0,0,1.0,1,0.0,0.0,0.0,33,9,3,0,0,0,1,182,30,19
0,2,63.7,0,1,1.0,0,0.25,0.0,0.0,33,9,3,1,1,0,1,61,9,1
0,2,95.8,0,1,1.0,0,0.25,0.0,0.0,33,9,3,1,1,1,0,17,2,12
0,6,78.2,0,1,1.0,0,0.0,0.25,0.0,34,9,2,1,1,1,1,514,94,15
0,1,72.2,0,0,1.0,0,0.5,0.0,0.0,34,9,2,0,0,1,1,509,93,3
0,4,50.9,0,0,1.0,1,0.3333333333333333,0.25,0.0,34,9,2,0,0,1,1,395,71,16
0,5,58.5,0,1,1.0,1,0.0,0.0,0.0,34,9,2,0,1,0,1,380,67,13
1,5,75.7,0,1,0.0,1,0.2,0.0,0.0,34,9,2,1,1,1,1,310,53,15
0,2,58.9,1,1,1.0,0,0.5,0.4,0.0,34,9,2,1,0,1,1,147,23,31
0,2,53.1,0,1,1.0,0,0.0,0.3333333333333333,0.0,34,9,2,1,1,2,1,88,13,26
1,1,65.1,0,1,1.0,0,0.3333333333333333,0.0,0.0,34,9,2,1,1,0,1,27,3,30
1,6,80.2,0,1,0.0,0,0.0,0.25,0.0,35,9,1,1,1,0,1,518,94,1
1,6,42.8,0,1,1.0,0,0.0,0.25,0.0,35,9,1,1,1,1,1,517,94,17
1,8,87.0,0,1,1.0,0,0.5,0.14285714285714285,0.0,35,9,1,1,0,0,1,204,35,2
0,2,64.6,0,1,1.0,0,0.5,0.2,0.0,35,9,1,1,0,1,1,130,20,3
1,4,74.4,0,1,1.0,1,0.0,0.0,0.0,35,9,1,1,1,1,1,84,12,22
0,2,27.8,1,1,1.0,0,0.0,0.125,0.0,35,9,1,0,0,0,1,72,11,5
1,2,70.5,0,1,0.0,0,0.0,0.0,0.0,35,9,1,0,1,0,1,71,11,7
0,2,84.2,0,1,1.0,0,0.0,0.14285714285714285,0.0,35,9,1,1,0,0,0,10,2,14
0,3,68.9,0,1,1.0,1,0.3333333333333333,0.25,0.0,36,9,0,1,0,0,1,527,95,21
0,2,67.4,0,1,1.0,0,0.3333333333333333,0.0,0.0,36,9,0,1,0,0,1,425,76,4
0,3,49.1,1,1,1.0,1,0.25,0.16666666666666666,0.0,36,9,0,0,1,2,1,377,66,26
0,4,31.8,0,1,1.0,1,0.6666666666666666,0.375,0.0,36,9,0,1,0,2,1,335,58,29
1,1,72.1,1,1,1.0,0,0.0,0.3333333333333333,0.0,36,9,0,1,0,0,1,273,47,19
1,1,74.3,1,1,1.0,0,0.5,0.6,0.0,36,9,0,1,0,1,1,269,47,31
1,3,76.2,0,1,0.0,1,0.3333333333333333,0.0,0.0,36,9,0,1,1,0,1,226,38,27
1,3,80.9,0,1,1.0,1,0.4,0.5,0.0,36,9,0,0,1,1,1,187,31,15
0,2,50.4,0,1,1.0,0,0.0,0.25,0.0,36,9,0,1,1,1,1,89,13,20
1,2,81.6,0,1,1.0,0,0.0,0.2,0.0,37,9,6,1,1,0,1,480,86,13
0,4,49.8,1,1,1.0,1,0.3333333333333333,0.3333333333333333,0.0,37,9,6,1,1,1,1,458,81,11
0,1,92.7,1,1,1.0,0,0.3333333333333333,0.0,0.0,37,9,6,1,1,0,1,444,79,27
1,1,75.5,0,0,1.0,0,0.5,0.2,0.0,37,9,6,0,0,1,1,400,72,31
1,1,75.9,0,1,1.0,0,0.0,0.25,0.0,37,9,6,1,1,1,1,268,47,15
0,1,75.7,1,1,0.0,0,0.4,0.0,0.0,37,9,6,0,0,0,1,178,29,19
0,1,77.8,0,1,1.0,0,0.0,0.16666666666666666,0.0,37,9,6,1,0,0,1,136,22,4
1,6,72.5,0,0,0.0,0,0.0,0.4,0.0,37,9,6,0,0,1,1,123,19,31
0,1,49.1,0,1,1.0,0,0.3333333333333333,0.125,0.0,37,9,6,1,0,1,1,25,3,16
0,2,89.8,1,1,1.0,0,0.3333333333333333,0.2,0.0,38,9,5,1,1,0,1,421,76,27
0,4,71.6,0,0,1.0,1,0.0,0.16666666666666666,0.0,38,9,5,0,0,0,1,371,65,4
0,3,75.7,0,1,1.0,1,0.2,0.0,0.0,38,9,5,1,1,1,1,364,64,15
1,1,75.5,0,1,1.0,0,0.25,0.0,0.0,38,9,5,1,1,0,1,267,47,18
0,3,83.2,0,1,0.0,1,0.0,0.2,0.0,38,9,5,1,0,1,1,224,38,6
0,8,54.1,0,1,1.0,0,0.3333333333333333,0.14285714285714285,0.0,38,9,5,1,1,0,1,213,36,25
0,4,26.9,0,1,1.0,1,0.0,0.125,0.0,38,9,5,1,0,2,1,80,12,29
0,6,87.6,0,1,1.0,0,0.3333333333333333,0.0,0.0,39,9,4,0,1,0,1,529,96,13
0,4,59.7,0,1,1.0,1,0.3333333333333333,0.0,0.0,39,9,4,0,1,0,1,320,55,25
0,2,81.1,0,1,1.0,0,0.3333333333333333,0.2,0.0,39,9,4,0,1,0,1,285,49,27
0,1,29.5,0,0,1.0,0,0.0,0.125,0.0,39,9,4,0,0,0,1,274,48,5
0,3,74.9,0,1,0.0,1,0.0,0.16666666666666666,0.0,39,9,4,1,1,0,1,225,38,30
0,8,63.2,0,1,0.0,0,0.0,0.16666666666666666,0.0,39,9,4,1,0,0,1,212,36,4
0,7,70.7,0,1,1.0,0,0.3333333333333333,0.16666666666666666,0.0,39,9,4,0,1,1,1,154,25,11
0,2,29.9,0,1,1.0,0,0.0,0.25,0.0,39,9,4,1,1,1,1,125,20,20
1,8,74.2,0,0,1.0,0,0.0,0.0,0.0,39,9,4,0,0,0,1,97,15,8
1,5,67.9,0,1,1.0,1,0.25,0.16666666666666666,0.0,39,9,4,1,1,2,1,16,1,26
0,5,69.8,1,1,1.0,1,0.2,0.16666666666666666,0.0,39,9,4,1,0,0,1,3,1,19
0,2,41.1,0,1,1.0,0,0.0,0.125,0.0,40,9,3,0,1,1,1,470,84,17
0,5,61.7,0,1,1.0,1,0.5,0.25,0.0,40,9,3,1,1,1,1,384,68,12
1,2,91.9,1,1,1.0,0,0.0,0.2857142857142857,0.0,40,9,3,0,0,0,1,349,62,14
1,2,75.7,0,1,1.0,0,0.3333333333333333,0.0,0.0,40,9,3,0,1,0,1,256,44,30
1,8,59.2,0,1,0.0,0,0.0,0.0,0.0,40,9,3,1,0,0,1,215,36,21
0,1,51.9,1,1,1.0,0,0.6666666666666666,0.0,0.0,40,9,3,1,0,2,1,67,10,29
0,3,59.5,0,1,1.0,1,0.0,0.16666666666666666,0.0,40,9,3,1,1,1,1,31,4,11
0,5,61.9,0,1,1.0,1,0.5,0.0,0.0,40,9,3,1,1,1,1,5,1,12
0,1,75.1,0,0,1.0,0,0.5,0.0,0.0,41,9,2,0,0,1,1,461,83,3
1,8,28.2,0,1,1.0,0,0.0,0.25,0.0,41,9,2,1,0,2,1,429,77,29
0,8,71.9,0,1,0.0,0,0.6666666666666666,0.2857142857142857,0.0,41,9,2,1,0,0,1,416,75,14
0,3,23.6,0,1,1.0,1,0.3333333333333333,0.125,0.0,41,9,2,1,1,1,1,362,64,17
0,1,79.4,0,1,1.0,0,0.0,0.0,0.0,41,9,2,1,1,1,1,357,63,15
0,7,28.0,0,1,1.0,0,0.3333333333333333,0.375,0.0,41,9,2,1,0,2,1,246,42,29
1,4,97.2,0,0,1.0,1,0.2,0.0,0.0,41,9,2,0,0,0,1,239,41,10
0,1,76.1,0,1,0.0,0,0.5,0.0,0.0,41,9,2,0,1,1,1,237,40,22
0,3,44.2,0,1,1.0,1,0.0,0.25,0.0,41,9,2,0,1,1,1,199,34,20
1,3,63.0,0,0,1.0,1,0.0,0.0,0.0,41,9,2,0,0,0,1,181,30,14
1,8,52.6,0,1,0.0,0,0.0,0.25,0.0,41,9,2,1,1,0,1,159,26,18
1,2,86.3,0,1,1.0,0,0.6666666666666666,0.0,0.0,41,9,2,1,0,0,1,143,23,21
0,2,47.1,1,1,1.0,0,0.3333333333333333,0.0,0.0,41,9,2,1,1,0,1,93,14,25
1,3,67.1,1,1,0.0,1,0.0,0.2,0.0,41,9,2,1,0,1,1,30,4,31
0,2,85.6,0,1,1.0,0,0.0,0.0,0.0,41,9,2,1,1,0,0,20,2,13
0,2,95.3,1,1,1.0,0,0.0,0.14285714285714285,0.0,41,9,2,1,1,0,0,9,2,24
1,4,69.2,0,1,1.0,1,0.0,0.75,0.0,42,9,1,1,1,1,1,451,81,15
0,6,84.3,0,1,1.0,0,0.0,0.14285714285714285,0.0,42,9,1,1,1,0,1,450,80,24
0,2,43.0,1,1,1.0,0,0.25,0.3333333333333333,0.0,42,9,1,1,1,2,1,423,76,26
0,1,19.2,0,1,1.0,0,0.2,0.0,0.0,42,9,1,0,1,1,1,339,60,20
1,1,76.3,1,1,0.0,0,0.0,0.0,0.0,42,9,1,0,1,0,1,277,48,30
0,4,77.7,0,1,1.0,1,0.0,0.0,0.0,42,9,1,1,0,1,1,176,28,6
0,7,82.2,0,1,0.0,0,0.0,0.0,0.0,42,9,1,0,1,0,1,156,25,23
0,5,68.4,0,1,1.0,1,0.0,0.25,0.0,42,9,1,0,1,1,1,43,6,12
1,3,35.1,0,1,1.0,1,0.0,0.14285714285714285,0.0,43,9,0,1,1,0,1,525,95,25
0,2,65.0,1,1,1.0,0,0.0,0.0,0.0,43,9,0,1,1,1,1,495,91,15
1,1,82.1,1,1,1.0,0,0.5,0.0,0.0,43,9,0,0,0,1,1,463,83,6
1,4,59.8,0,1,1.0,1,0.3333333333333333,0.2857142857142857,0.0,43,9,0,1,1,0,1,457,81,25
0,2,46.6,0,1,1.0,0,0.3333333333333333,0.0,0.0,43,9,0,0,1,1,1,216,37,9
0,1,55.0,1,1,1.0,0,0.3333333333333333,0.16666666666666666,0.0,43,9,0,1,0,0,1,65,10,4
0,2,69.7,0,1,1.0,0,0.0,0.16666666666666666,0.0,43,9,0,1,1,0,1,60,9,7
1,6,63.1,0,1,1.0,0,0.0,0.16666666666666666,0.0,44,8,6,1,0,0,1,519,94,19
0,1,26.9,0,0,1.0,0,0.5,0.0,0.0,44,8,6,0,0,0,1,464,83,5
0,1,87.7,0,1,1.0,0,0.0,0.0,0.0,44,8,6,1,0,0,1,440,79,21
0,4,72.3,0,1,1.0,1,0.0,0.3333333333333333,0.0,44,8,6,0,1,0,1,367,65,30
0,1,76.2,0,0,1.0,0,0.5,0.0,0.0,44,8,6,0,0,1,1,341,60,6
1,1,81.5,0,1,1.0,0,0.25,0.25,0.0,44,8,6,0,1,0,1,336,59,18
1,3,63.6,0,1,0.0,1,0.0,0.0,0.0,44,8,6,1,1,1,1,222,38,22
0,1,17.4,1,1,1.0,0,0.0,0.25,0.0,44,8,6,1,1,1,1,102,16,20
0,4,74.9,0,1,1.0,1,0.0,0.0,0.0,44,8,6,1,0,0,1,81,12,21
0,8,83.2,1,1,0.0,0,0.3333333333333333,0.0,0.0,45,8,5,1,1,0,1,417,75,27
0,2,61.3,1,1,1.0,0,0.0,0.0,0.0,45,8,5,0,1,0,1,284,49,1
0,5,68.2,0,0,1.0,1,1.0,0.14285714285714285,0.0,45,8,5,0,0,0,1,249,43,28
0,1,90.3,0,1,1.0,0,0.0,0.25,0.0,45,8,5,1,1,0,1,138,22,18
1,1,72.2,0,1,1.0,0,0.0,0.16666666666666666,0.0,45,8,5,1,1,0,1,117,18,7
0,1,75.5,0,1,1.0,0,0.0,0.2,0.0,45,8,5,1,0,1,1,112,18,31
1,1,73.3,0,1,1.0,0,0.3333333333333333,0.0,0.0,45,8,5,1,1,0,1,28,3,24
0,7,64.1,0,1,0.0,0,0.5,0.0,0.0,46,8,4,0,1,0,1,482,87,18
0,2,76.5,0,1,1.0,0,0.0,0.16666666666666666,0.0,46,8,4,1,1,0,1,479,86,7
1,7,80.4,0,1,1.0,0,0.0,0.2,0.0,46,8,4,0,1,1,1,477,85,22
1,1,69.2,0,1,1.0,0,0.3333333333333333,0.0,0.0,46,8,4,0,1,0,1,462,83,24
1,3,88.8,0,1,1.0,1,0.5,0.3333333333333333,0.0,46,8,4,1,1,0,1,361,64,7
0,4,64.9,0,1,1.0,1,0.0,0.0,0.0,46,8,4,1,0,0,1,171,28,14
0,2,88.4,1,1,1.0,0,0.6666666666666666,0.0,0.0,46,8,4,1,0,0,1,142,23,4
0,7,78.1,1,1,1.0,0,0.0,0.0,0.0,46,8,4,1,0,0,1,106,17,4
0,8,71.9,0,0,0.0,0,0.0,0.2,0.0,46,8,4,0,0,1,1,101,15,6
1,4,74.1,0,1,1.0,1,0.0,0.16666666666666666,0.0,46,8,4,1,0,0,1,82,12,19
1,2,64.2,1,1,1.0,0,0.3333333333333333,0.16666666666666666,0.0,46,8,4,1,1,1,1,59,9,11
0,5,86.2,0,0,0.0,1,0.0,0.16666666666666666,0.0,46,8,4,0,0,0,1,44,6,19
0,3,67.0,1,1,1.0,1,0.0,0.0,0.0,46,8,4,1,1,2,1,36,5,26
0,5,82.8,0,1,1.0,1,0.5,0.125,0.0,46,8,4,1,0,0,1,2,1,8
0,1,81.6,1,1,1.0,0,0.5,0.2,0.0,47,8,3,0,0,1,1,501,92,31
0,7,77.0,0,1,0.0,0,0.5,0.2,0.0,47,8,3,0,1,1,1,483,87,22
0,1,65.6,0,0,1.0,0,0.5,0.5714285714285714,0.0,47,8,3,0,0,0,1,401,72,2
1,1,60.0,0,0,1.0,0,0.5,0.2,0.0,47,8,3,0,0,1,1,337,59,3
1,2,69.7,0,0,1.0,0,0.0,0.125,0.0,47,8,3,0,0,0,1,321,56,8
0,1,70.7,0,0,0.0,0,0.5,0.0,0.0,47,8,3,0,0,1,1,180,29,6
0,2,88.2,0,1,1.0,0,0.0,0.14285714285714285,0.0,47,8,3,1,0,0,1,169,27,2
0,1,65.2,1,1,1.0,0,0.0,0.0,0.0,47,8,3,1,1,2,1,132,21,26
0,6,30.9,0,1,1.0,0,0.0,0.25,0.0,47,8,3,0,1,1,1,121,19,17
0,3,66.7,0,1,0.0,1,0.0,0.0,0.0,47,8,3,1,1,0,1,37,5,7
1,2,59.5,0,1,1.0,0,0.0,0.0,0.0,47,8,3,1,0,1,0,7,2,16
1,2,70.7,0,1,1.0,0,0.0,0.0,0.0,48,8,2,1,0,0,1,478,86,28
0,5,16.5,1,1,1.0,1,0.3333333333333333,0.25,0.0,48,8,2,1,0,2,1,308,53,29
0,3,67.3,0,1,1.0,1,0.3333333333333333,0.125,0.0,48,8,2,1,0,1,1,297,51,16
1,3,83.5,0,0,1.0,1,0.0,0.0,0.0,48,8,2,0,0,0,1,262,46,21
0,8,56.4,0,1,0.0,0,0.0,0.6,0.0,48,8,2,1,0,1,1,208,36,3
1,3,69.0,0,1,0.0,1,0.0,0.25,0.0,48,8,2,1,0,0,1,193,33,21
0,1,70.6,0,1,1.0,0,0.3333333333333333,0.0,0.0,48,8,2,1,1,0,1,66,10,13
0,2,53.8,0,1,1.0,0,0.0,0.125,0.0,48,8,2,1,0,2,1,58,9,29
0,3,51.1,0,1,1.0,1,0.0,0.2,0.0,49,8,1,1,1,1,1,524,95,9
0,8,63.0,0,1,1.0,0,0.0,0.16666666666666666,0.0,49,8,1,1,0,0,1,434,77,19
1,1,66.4,0,1,0.0,0,0.25,0.0,0.0,49,8,1,0,1,0,1,315,54,1
0,5,25.9,0,1,1.0,1,0.0,0.0,0.0,49,8,1,0,1,1,1,306,52,20
0,3,70.8,0,1,0.0,1,0.5,0.0,0.0,49,8,1,1,1,0,1,295,51,7
0,4,81.6,1,1,1.0,1,0.0,0.16666666666666666,0.0,49,8,1,0,0,0,1,291,50,19
0,3,54.2,1,1,1.0,1,0.0,0.0,0.0,49,8,1,0,1,2,1,259,46,26
0,2,80.7,0,1,1.0,0,0.0,0.125,0.0,49,8,1,1,0,0,1,166,27,8
0,1,56.9,0,1,1.0,0,0.0,0.16666666666666666,0.0,49,8,1,1,1,1,1,116,18,11
1,2,84.4,0,1,1.0,0,0.25,0.0,0.0,49,8,1,1,0,1,0,12,2,6
0,6,40.5,0,1,1.0,0,0.25,0.16666666666666666,0.0,50,8,0,0,1,2,1,484,88,26
0,1,58.7,0,1,1.0,0,0.3333333333333333,0.16666666666666666,0.0,50,8,0,0,1,0,1,466,83,30
0,1,82.1,0,0,1.0,0,0.3333333333333333,0.25,0.0,50,8,0,0,0,0,1,343,60,21
0,1,74.9,0,0,0.0,0,0.0,0.0,0.0,50,8,0,0,0,0,1,275,48,19
0,1,70.7,0,1,1.0,0,0.0,0.16666666666666666,0.0,50,8,0,1,1,0,1,133,22,30
1,3,65.4,0,1,1.0,1,0.5,0.0,0.0,50,8,0,1,0,0,1,35,5,28
1,1,58.3,0,1,1.0,0,0.0,0.0,0.0,51,8,6,0,1,0,1,511,93,25
1,3,87.2,0,1,1.0,1,0.5,0.25,0.0,51,8,6,1,1,0,1,437,78,1
1,5,60.9,0,1,0.0,1,0.25,0.0,0.0,51,8,6,1,1,0,1,347,61,1
1,5,62.1,0,1,0.0,1,0.0,0.16666666666666666,0.0,51,8,6,0,1,0,1,301,52,23
0,5,81.8,0,0,0.0,1,0.0,0.2857142857142857,0.0,51,8,6,0,0,0,1,192,32,2
1,2,88.8,0,1,0.0,0,0.2,0.14285714285714285,0.0,51,8,6,1,0,0,1,145,23,10
1,4,86.7,1,1,1.0,1,0.0,0.0,0.0,51,8,6,1,1,0,1,83,12,18
0,1,68.4,0,1,1.0,0,0.25,0.16666666666666666,0.0,51,8,6,1,1,0,1,22,3,23
0,1,44.6,0,1,1.0,0,0.5,0.3333333333333333,0.0,52,8,5,0,1,2,1,465,83,26
0,2,93.1,0,1,1.0,0,0.3333333333333333,0.16666666666666666,0.0,52,8,5,1,0,0,1,391,69,4
0,4,53.6,1,1,1.0,1,0.0,0.2857142857142857,0.0,52,8,5,0,1,0,1,366,65,25
0,4,78.6,0,1,0.0,1,0.25,0.25,0.0,52,8,5,1,1,0,1,330,58,1
1,5,81.1,1,1,0.0,1,0.0,0.2857142857142857,0.0,52,8,5,0,0,0,1,305,52,2
1,5,71.0,0,0,0.0,1,0.0,0.0,0.0,52,8,5,0,0,0,1,303,52,4
0,2,26.6,1,1,1.0,0,0.2,0.5,0.0,52,8,5,0,1,1,1,255,44,20
1,8,64.9,1,1,0.0,0,0.0,0.0,0.0,52,8,5,1,1,1,1,214,36,12
1,1,82.7,0,1,0.0,0,0.0,0.0,0.0,52,8,5,1,1,0,1,134,22,27
0,1,69.7,0,1,1.0,0,0.5,0.0,0.0,53,8,4,0,1,1,1,504,93,12
0,2,41.9,0,1,1.0,0,0.6666666666666666,0.25,0.0,53,8,4,1,0,2,1,390,69,29
1,7,67.2,0,1,0.0,0,0.5,0.0,0.0,53,8,4,1,1,0,1,243,42,7
0,3,40.1,0,1,1.0,1,0.0,0.25,0.0,53,8,4,1,1,1,1,223,38,17
1,3,83.1,0,0,1.0,1,0.0,0.25,0.0,53,8,4,0,0,0,1,202,34,8
0,2,29.0,1,1,1.0,0,0.0,0.25,0.0,53,8,4,1,0,2,1,164,27,29
1,2,61.8,0,1,1.0,0,0.5,0.0,0.0,53,8,4,1,1,0,1,141,23,7
0,1,74.4,0,1,1.0,0,0.5,0.2857142857142857,0.0,53,8,4,1,0,0,1,118,18,28
0,1,61.7,0,1,1.0,0,0.0,0.125,0.0,53,8,4,1,0,0,1,113,18,8
0,8,37.9,0,1,1.0,0,0.3333333333333333,0.0,0.0,53,8,4,0,1,1,1,99,15,11
1,8,81.3,0,1,0.0,0,0.0,0.0,0.0,54,8,3,1,1,0,1,430,77,23
0,8,78.8,0,1,1.0,0,0.25,0.125,0.0,54,8,3,1,0,0,1,418,75,8
0,3,68.6,0,1,1.0,1,0.5,0.0,0.0,54,8,3,1,1,0,1,365,64,1
1,5,67.9,0,1,1.0,1,0.0,0.0,0.0,54,8,3,1,1,0,1,345,61,30
1,5,70.2,0,0,1.0,1,0.0,0.0,0.0,54,8,3,0,0,0,1,302,52,8
1,3,88.3,0,1,0.0,1,0.0,0.14285714285714285,0.0,54,8,3,1,0,0,1,196,33,10
1,1,74.8,1,1,1.0,0,0.5,0.2,0.0,54,8,3,1,0,1,1,24,3,31
0,1,84.9,1,1,1.0,0,0.5,0.2,0.0,55,8,2,0,0,1,1,505,93,6
1,4,76.5,0,1,0.0,1,0.25,0.0,0.0,55,8,2,1,1,0,1,493,90,1
0,1,83.0,0,1,0.0,0,0.5,0.0,0.0,55,8,2,0,1,0,1,467,83,7
1,4,78.7,0,1,0.0,1,0.0,0.3333333333333333,0.0,55,8,2,1,1,0,1,453,81,30
0,2,75.2,0,1,1.0,0,0.3333333333333333,0.0,0.0,55,8,2,1,0,0,1,426,76,14
0,2,88.6,0,0,1.0,0,0.2,0.0,0.0,55,8,2,0,0,0,1,253,44,10
1,2,56.5,0,1,1.0,0,0.5,0.25,0.0,55,8,2,0,1,1,1,217,37,12
1,1,57.3,0,1,1.0,0,0.3333333333333333,0.0,0.0,55,8,2,1,1,0,1,69,10,24
0,5,89.4,0,1,1.0,1,0.0,0.0,0.0,55,8,2,1,1,0,1,4,1,25
0,8,61.9,0,1,1.0,0,0.5,0.4,0.0,56,8,1,1,0,1,1,412,75,3
0,4,59.2,1,1,0.0,1,0.25,0.0,0.0,56,8,1,0,1,0,1,394,71,1
0,1,54.7,0,1,1.0,0,0.0,0.16666666666666666,0.0,56,8,1,1,0,0,1,114,18,4
0,2,65.7,0,1,1.0,0,0.0,0.125,0.0,56,8,1,1,0,1,1,85,13,16
0,1,75.6,0,1,1.0,0,0.5,0.0,0.0,56,8,1,1,1,0,1,15,3,7
0,6,73.9,0,1,0.0,0,0.0,0.2,0.0,57,8,0,0,1,0,1,488,89,27
0,1,69.1,0,1,1.0,0,0.0,0.14285714285714285,0.0,57,8,0,1,0,0,1,355,63,14
0,1,85.8,0,0,0.0,0,0.0,0.0,0.0,57,8,0,0,0,1,1,276,48,3
0,3,75.0,0,1,0.0,1,0.0,0.2,0.0,57,8,0,1,1,0,1,32,4,13
0,1,56.1,0,1,1.0,0,0.2,0.0,0.0,57,8,0,1,1,1,1,29,3,20
0,2,66.0,0,1,1.0,0,0.2,0.0,0.0,57,8,0,1,1,1,0,21,2,20
0,1,70.3,0,1,1.0,0,0.0,0.0,0.0,58,8,6,1,0,1,1,354,63,3
0,2,82.7,0,0,1.0,0,0.0,0.0,0.0,58,8,6,0,0,0,1,350,62,4
0,4,89.1,1,1,0.0,1,0.2,0.14285714285714285,0.0,58,8,6,1,0,0,1,333,58,10
1,2,79.0,0,0,1.0,0,0.0,0.0,0.0,58,8,6,0,0,0,1,325,56,21
0,1,87.7,0,0,1.0,0,0.3333333333333333,0.0,0.0,58,8,6,0,0,0,1,317,54,4
0,1,58.7,0,0,1.0,0,0.0,0.25,0.0,58,8,6,0,0,1,1,280,48,16
0,3,26.9,0,1,1.0,1,0.0,0.25,0.0,58,8,6,0,1,1,1,265,46,20
0,5,68.3,0,0,1.0,1,0.0,0.0,0.0,58,8,6,0,0,1,1,250,43,6
1,3,61.2,1,1,1.0,1,0.25,0.25,0.0,58,8,6,0,1,0,1,185,31,1
0,8,54.5,0,1,0.0,0,0.0,0.0,0.0,58,8,6,1,0,1,1,161,26,6
1,1,75.7,0,1,1.0,0,0.0,0.0,0.0,58,8,6,1,0,1,1,131,21,16
0,2,75.2,0,1,1.0,0,0.0,0.16666666666666666,0.0,58,8,6,1,1,0,1,87,13,7
0,3,58.2,1,1,1.0,1,0.25,0.3333333333333333,0.0,58,8,6,0,1,2,1,50,8,26
0,4,58.4,0,1,1.0,1,0.5,0.0,0.0,59,8,5,1,1,2,1,494,90,26
0,5,32.5,0,0,1.0,1,0.25,0.25,0.0,59,8,5,0,0,0,1,307,52,5
1,1,69.5,0,1,0.0,0,0.0,0.25,0.0,59,8,5,0,1,0,1,279,48,1
0,7,72.0,1,1,0.0,0,0.0,0.14285714285714285,0.0,59,8,5,0,0,0,1,153,25,2
0,5,42.2,0,1,1.0,1,0.25,0.125,0.0,60,8,4,1,0,0,1,346,61,5
0,1,56.3,0,1,1.0,0,0.3333333333333333,0.2,0.0,60,8,4,1,1,1,1,271,47,9
0,2,79.5,0,0,1.0,0,0.0,0.14285714285714285,0.0,60,8,4,0,0,0,1,218,37,28
0,1,60.4,1,1,1.0,0,0.3333333333333333,0.2857142857142857,0.0,60,8,4,1,1,0,1,139,22,25
0,2,74.9,0,0,0.0,0,0.0,0.14285714285714285,0.0,60,8,4,0,0,0,1,73,11,14
1,2,83.0,0,1,1.0,0,0.25,0.0,0.0,60,8,4,1,1,1,0,11,2,22
1,5,71.6,1,1,1.0,1,0.3333333333333333,0.16666666666666666,0.0,60,8,4,1,0,0,1,1,1,4
0,7,72.8,0,0,1.0,0,0.5,0.0,0.0,61,8,3,0,0,0,1,474,85,28
0,4,19.3,0,1,1.0,1,0.0,0.25,0.0,61,8,3,1,0,2,1,452,81,29
0,6,63.4,0,1,1.0,0,0.0,0.0,0.0,61,8,3,1,1,1,1,445,80,12
1,2,75.8,0,1,1.0,0,0.5,0.0,0.0,61,8,3,1,1,0,1,408,73,7
1,3,57.1,0,1,1.0,1,0.0,0.2,0.0,61,8,3,1,1,1,1,359,64,9
0,4,82.2,0,1,0.0,1,0.25,0.2,0.0,61,8,3,1,1,1,1,329,58,22
0,2,86.8,0,1,1.0,0,0.3333333333333333,0.0,0.0,61,8,3,0,1,0,1,221,37,27
0,8,61.8,0,1,1.0,0,0.3333333333333333,0.2,0.0,61,8,3,1,1,1,1,205,35,9
0,5,43.1,0,1,1.0,1,0.0,0.16666666666666666,0.0,61,8,3,0,1,1,1,191,32,11
1,2,50.1,0,1,1.0,0,0.0,0.25,0.0,61,8,3,1,0,1,1,168,27,16
1,3,68.0,0,0,1.0,1,0.3333333333333333,0.25,0.0,61,8,3,0,0,0,1,56,8,21
